Rank,Region Operation,State,Locid,City,Airport Name,S/L,Hub,CY 17 Enplanements,CY 16 Enplanements,% Change
1,Southern,Georgia,ATL,Atlanta,Hartsfield - Jackson Atlanta International,P,L,50251964,50501858,-0.49%
2,Western Pacific,California,LAX,Los Angeles,Los Angeles International,P,L,41232432,39636042,4.03%
3,Great Lakes,Illinois,ORD,Chicago,Chicago O'Hare International,P,L,38593028,37589899,2.67%
4,Southwest,Texas,DFW,Fort Worth,Dallas-Fort Worth International,P,L,31816933,31283579,1.70%
5,Northwest Mountain,Colorado,DEN,Denver,Denver International,P,L,29809097,28267394,5.45%
6,Eastern,New York,JFK,New York,John F Kennedy International,P,L,29533154,29239151,1.01%
7,Western Pacific,California,SFO,San Francisco International Airport,San Francisco International,P,L,26900048,25707101,4.64%
8,Western Pacific,Nevada,LAS,Las Vegas,McCarran International,P,L,23364393,22833267,2.33%
9,Northwest Mountain,Washington,SEA,Seattle,Seattle-Tacoma International,P,L,22639124,21887110,3.44%
10,Southern,North Carolina,CLT,Charlotte,Charlotte/Douglas International,P,L,22011251,21511880,2.32%
11,Eastern,New Jersey,EWR,Newark,Newark Liberty International,P,L,21571198,19923009,8.27%
12,Southern,Florida,MCO,Orlando,Orlando International,P,L,21565448,20283541,6.32%
13,Western Pacific,Arizona,PHX,Phoenix,Phoenix Sky Harbor International,P,L,21185458,20896265,1.38%
14,Southern,Florida,MIA,Miami,Miami International,P,L,20709225,20875813,-0.80%
15,Southwest,Texas,IAH,Houston,George Bush Intercontinental/Houston,P,L,19603731,20062072,-2.28%
16,New England,Massachusetts,BOS,Boston,General Edward Lawrence Logan International,P,L,18759742,17759044,5.63%
17,Great Lakes,Minnesota,MSP,Minneapolis,Minneapolis-St Paul International/Wold-Chamberlain,P,L,18409704,18123844,1.58%
18,Great Lakes,Michigan,DTW,Detroit,Detroit Metropolitan Wayne County,P,L,17036092,16847135,1.12%
19,Southern,Florida,FLL,Fort Lauderdale,Fort Lauderdale/Hollywood International,P,L,15817043,14263270,10.89%
20,Eastern,New York,LGA,New York,Laguardia,P,L,14614802,14762593,-1.00%
21,Eastern,Pennsylvania,PHL,Philadelphia,Philadelphia International,P,L,14271243,14564419,-2.01%
22,Eastern,Maryland,BWI,Glen Burnie,Baltimore/Washington International Thurgood Marshall,P,L,12976554,12340972,5.15%
23,Northwest Mountain,Utah,SLC,Salt Lake City,Salt Lake City International,P,L,11615954,11143738,4.24%
24,Eastern,Virginia,DCA,Arlington,Ronald Reagan Washington National,P,L,11506310,11470854,0.31%
25,Western Pacific,California,SAN,San Diego,San Diego International,P,L,11139933,10340164,7.73%
26,Eastern,Virginia,IAD,Dulles,Washington Dulles International,P,L,11024306,10596942,4.03%
27,Great Lakes,Illinois,MDW,Chicago,Chicago Midway International,P,L,10912074,11044387,-1.20%
28,Western Pacific,Hawaii,HNL,Honolulu,Daniel K Inouye International,P,L,9743989,9656340,0.91%
29,Southern,Florida,TPA,Tampa,Tampa International,P,L,9548580,9194994,3.85%
30,Northwest Mountain,Oregon,PDX,Portland,Portland International,P,L,9435473,9071154,4.02%
31,Southwest,Texas,DAL,Dallas,Dallas Love Field,P,M,7593361,7554596,0.51%
32,Central,Missouri,STL,St. Louis,St Louis Lambert International,P,M,7194745,6793076,5.91%
33,Southern,Tennessee,BNA,Nashville,Nashville International,P,M,6902771,6338517,8.90%
34,Southwest,Texas,AUS,Austin,Austin-Bergstrom International,P,M,6813171,6095545,11.77%
35,Southwest,Texas,HOU,Houston,William P Hobby,P,M,6538976,6285181,4.04%
36,Western Pacific,California,OAK,Oakland,Metropolitan Oakland International,P,M,6413842,5934639,8.07%
37,Western Pacific,California,SJC,San Jose,Norman Y Mineta San Jose International,P,M,6130878,5321603,15.21%
38,Southwest,Louisiana,MSY,Metairie,Louis Armstrong New Orleans International,P,M,6022318,5569705,8.13%
39,Southern,North Carolina,RDU,Raleigh,Raleigh-Durham International,P,M,5692659,5401714,5.39%
40,Central,Missouri,MCI,Kansas City,Kansas City International,P,M,5628581,5391557,4.40%
41,Western Pacific,California,SMF,Sacramento,Sacramento International,P,M,5341595,4969366,7.49%
42,Western Pacific,California,SNA,Santa Ana,John Wayne Airport-Orange County,P,M,5082716,5217242,-2.58%
43,Great Lakes,Ohio,CLE,Cleveland,Cleveland-Hopkins International,P,M,4446555,4083476,8.89%
44,Southwest,Texas,SAT,San Antonio,San Antonio International,P,M,4382127,4179994,4.84%
45,Southern,Florida,RSW,Fort Myers,Southwest Florida International,P,M,4364224,4239261,2.95%
46,Great Lakes,Indiana,IND,Indianapolis,Indianapolis International,P,M,4343722,4216766,3.01%
47,Eastern,Pennsylvania,PIT,Pittsburgh,Pittsburgh International,P,M,4327434,3986114,8.56%
48,Southern,Puerto Rico,SJU,San Juan,Luis Munoz Marin International,P,M,4203766,4343354,-3.21%
49,Southern,Kentucky,CVG,Greater Cincinnati International Airport,Cincinnati/Northern Kentucky International,P,M,3791989,3269979,15.96%
50,Great Lakes,Ohio,CMH,Columbus,John Glenn Columbus International,P,M,3689570,3567864,3.41%
51,Western Pacific,Hawaii,OGG,Kahului,Kahului,P,M,3442189,3352813,2.67%
52,Great Lakes,Wisconsin,MKE,Milwaukee,General Mitchell International,P,M,3414477,3327536,2.61%
53,New England,Connecticut,BDL,Windsor Locks,Bradley International,P,M,3164647,2982194,6.12%
54,Southern,Florida,PBI,West Palm Beach,Palm Beach International,P,M,3110450,3100624,0.32%
55,Southern,Florida,JAX,Jacksonville,Jacksonville International,P,M,2701861,2729129,-1.00%
56,Alaskan,Alaska,ANC,Anchorage,Ted Stevens Anchorage International,P,M,2556191,2563524,-0.29%
57,Southwest,New Mexico,ABQ,Albuquerque,Albuquerque International Sunport,P,M,2412328,2341719,3.02%
58,Western Pacific,California,BUR,Burbank,Bob Hope,P,M,2402106,2077892,15.60%
59,Eastern,New York,BUF,Buffalo,Buffalo Niagara International,P,M,2348512,2313724,1.50%
60,Western Pacific,California,ONT,Ontario,Ontario International,P,M,2247645,2104625,6.80%
61,Central,Nebraska,OMA,Omaha,Eppley Airfield,P,M,2243658,2127387,5.47%
62,Southern,Tennessee,MEM,Memphis,Memphis International,P,S,2102739,2016089,4.30%
63,Western Pacific,Nevada,RNO,Reno,Reno/Tahoe International,P,S,1953028,1771864,10.22%
64,Southern,South Carolina,CHS,Charleston,Charleston AFB/International,P,S,1945699,1811695,7.40%
65,New England,Rhode Island,PVD,Warwick,Theodore Francis Green State,P,S,1940806,1803000,7.64%
66,Southwest,Oklahoma,OKC,Oklahoma City,Will Rogers World,P,S,1894289,1796473,5.44%
67,Western Pacific,California,LGB,Long Beach,Long Beach /Daugherty Field/,P,S,1830745,1386357,32.05%
68,Eastern,Virginia,RIC,Highland Springs,Richmond International,P,S,1822486,1777648,2.52%
69,Northwest Mountain,Idaho,BOI,Boise,Boise Air Terminal/Gowen Field,P,S,1777642,1633507,8.82%
70,Western Pacific,Hawaii,KOA,Kailua Kona,Ellison Onizuka Kona International at Keahole,P,S,1764995,1569602,12.45%
71,Northwest Mountain,Washington,GEG,Spokane,Spokane International,P,S,1698433,1570652,8.14%
72,Eastern,Virginia,ORF,Norfolk,Norfolk International,P,S,1694329,1602631,5.72%
73,Southern,Kentucky,SDF,Louisville,Louisville International-Standiford Field,P,S,1684738,1631494,3.26%
74,Western Pacific,Arizona,TUS,Tucson,Tucson International,P,S,1669928,1594594,4.72%
75,Western Pacific,Guam,GUM,Tamuning,Guam International,P,S,1566429,1444299,8.46%
76,Western Pacific,Hawaii,LIH,Lihue,Lihue,P,S,1535075,1458940,5.22%
77,Southwest,Texas,ELP,El Paso,El Paso International,P,S,1450115,1414376,2.53%
78,Southern,Florida,SFB,Sanford,Orlando Sanford International,P,S,1434990,1341699,6.95%
79,Great Lakes,Michigan,GRR,Grand Rapids,Gerald R Ford International,P,S,1412132,1334979,5.78%
80,Eastern,New York,ALB,Albany,Albany International,P,S,1393666,1388860,0.35%
81,Southwest,Oklahoma,TUL,Tulsa,Tulsa International,P,S,1374424,1342315,2.39%
82,Southern,Alabama,BHM,Birmingham,Birmingham-Shuttlesworth International,P,S,1333967,1304467,2.26%
83,Central,Iowa,DSM,Des Moines,Des Moines International,P,S,1257521,1216357,3.38%
84,Eastern,New York,ROC,Rochester,Greater Rochester International,P,S,1205774,1186002,1.67%
85,Southern,Georgia,SAV,Savannah,Savannah/Hilton Head International,P,S,1192340,1056265,12.88%
86,Southern,South Carolina,MYR,Myrtle Beach,Myrtle Beach International,P,S,1131959,944849,19.80%
87,Western Pacific,California,PSP,Palm Springs,Palm Springs International,P,S,1055970,995801,6.04%
88,Southern,South Carolina,GSP,Greer,Greenville Spartanburg International,P,S,1051089,991276,6.03%
89,Southern,Florida,PIE,Clearwater,St Pete-Clearwater International,P,S,1023471,915672,11.77%
90,Eastern,New York,SYR,Syracuse,Syracuse Hancock International,P,S,1013149,988496,2.49%
91,Southwest,Arkansas,LIT,Little Rock,Bill and Hillary Clinton National/Adams Field,P,S,979530,958824,2.16%
92,New England,New Hampshire,MHT,Manchester,Manchester,P,S,969229,995403,-2.63%
93,Southern,Tennessee,TYS,Alcoa,McGhee Tyson,P,S,963752,887103,8.64%
94,Great Lakes,Wisconsin,MSN,Madison,Dane County Regional-Truax Field,P,S,943363,903155,4.45%
95,Great Lakes,Ohio,DAY,Dayton,James M Cox Dayton International,P,S,935373,1019922,-8.29%
96,New England,Maine,PWM,Portland,Portland International Jetport,P,S,925903,886343,4.46%
97,Southern,North Carolina,GSO,Greensboro,Piedmont Triad International,P,S,881024,848261,3.86%
98,Southern,Florida,PNS,Pensacola,Pensacola International,P,S,839248,792916,5.84%
99,Northwest Mountain,Colorado,COS,Colorado Springs,City of Colorado Springs Municipal,P,S,815839,657694,24.05%
100,Central,Kansas,ICT,Wichita,Wichita Dwight D Eisenhower National,P,S,789533,781944,0.97%
101,Eastern,New York,HPN,White Plains,Westchester County,P,S,759334,766170,-0.89%
102,Western Pacific,California,FAT,Fresno,Fresno Yosemite International,P,S,755140,761298,-0.81%
103,Western Pacific,Arizona,IWA,Mesa,Phoenix-Mesa Gateway,P,S,704247,705731,-0.21%
104,Southwest,Arkansas,XNA,Bentonville,Northwest Arkansas Regional,P,S,698257,673810,3.63%
105,Western Pacific,Northern Marina Islands,GSN,Saipan,Francisco C Ada/Saipan International,P,S,685642,430275,59.35%
106,Western Pacific,Hawaii,ITO,Hilo,Hilo International,P,S,664790,640757,3.75%
107,Eastern,New York,ISP,Islip,Long Island MacArthur,P,S,648593,597133,8.62%
108,Southern,Florida,PGD,Punta Gorda,Punta Gorda,P,S,643563,558482,15.23%
109,Southern,Kentucky,LEX,Lexington,Blue Grass,P,S,637301,638316,-0.16%
110,Southern,Virgin Islands,STT,Charlotte Amalie,Cyril E King,P,S,619729,729382,-15.03%
111,Great Lakes,Ohio,CAK,Akron,Akron-Canton Regional,P,S,619321,685553,-9.66%
112,Northwest Mountain,Montana,BZN,Bozeman,Bozeman Yellowstone International,P,S,598712,553245,8.22%
113,Southern,Florida,SRQ,Sarasota,Sarasota/Bradenton International,P,S,590941,589860,0.18%
114,Eastern,Pennsylvania,MDT,Harrisburg,Harrisburg International,P,S,582291,589511,-1.22%
115,New England,Vermont,BTV,Burlington,Burlington International,P,S,578014,593311,-2.58%
116,Central,Iowa,CID,Cedar Rapids,The Eastern Iowa,P,S,574636,547786,4.90%
117,Southern,Florida,VPS,Valparaiso,Eglin AFB/Destin-Ft Walton Beach,P,S,567633,440002,29.01%
118,Eastern,New Jersey,ACY,Atlantic City,Atlantic City International,P,S,552690,589091,-6.18%
119,Alaskan,Alaska,FAI,Fairbanks,Fairbanks International,P,S,543839,538881,0.92%
120,Great Lakes,South Dakota,FSD,Sioux Falls,Joe Foss Field,P,S,540877,510105,6.03%
121,Northwest Mountain,Oregon,EUG,Eugene,Mahlon Sweet Field,P,S,529149,483224,9.50%
122,Southern,Alabama,HSV,Huntsville,Huntsville International-Carl T Jones Field,P,S,519003,527801,-1.67%
123,Southwest,Texas,MAF,Midland,Midland International Air And Space Port,P,S,516983,471490,9.65%
124,Southern,South Carolina,CAE,Columbia,Columbia Metropolitan,P,S,510188,553658,-7.85%
125,Central,Missouri,SGF,Springfield,Springfield-Branson National,P,S,483259,462126,4.57%
126,Southern,Tennessee,CHA,Chattanooga,Lovell Field,P,S,482113,422442,14.13%
127,Southern,North Carolina,AVL,Asheville,Asheville Regional,P,S,478061,416939,14.66%
128,Southern,Mississippi,JAN,Jackson,Jackson-Medgar Wiley Evers International,P,S,462655,491464,-5.86%
129,Southwest,Texas,LBB,Lubbock,Lubbock Preston Smith International,P,S,460236,448093,2.71%
130,Southern,Florida,ECP,Panama City,Northwest Florida Beaches International,P,S,454712,434302,4.70%
131,Northwest Mountain,Oregon,MFR,Medford,Rogue Valley International - Medford,P,S,440506,401469,9.72%
132,Southern,North Carolina,ILM,Wilmington,Wilmington International,P,N,422553,413185,2.27%
133,Alaskan,Alaska,JNU,Juneau,Juneau International,P,N,422266,420442,0.43%
134,Northwest Mountain,Montana,BIL,Billings,Billings Logan International,P,N,415093,423213,-1.92%
135,Great Lakes,North Dakota,FAR,Fargo,Hector International,P,N,404937,402976,0.49%
136,Great Lakes,Michigan,FNT,Flint,Bishop International,P,N,393549,398508,-1.24%
137,Southern,Florida,EYW,Key West,Key West International,P,N,392381,380505,3.12%
138,Northwest Mountain,Montana,MSO,Missoula,Missoula International,P,N,387976,381582,1.68%
139,Southwest,Louisiana,BTR,Baton Rouge,"Baton Rouge Metropolitan, Ryan Field",P,N,377670,364200,3.70%
140,Northwest Mountain,Washington,PSC,Pasco,Tri-Cities,P,N,376044,374301,0.47%
141,Northwest Mountain,Washington,BLI,Bellingham,Bellingham International,P,N,370022,415285,-10.90%
142,Northwest Mountain,Oregon,RDM,Redmond,Roberts Field,P,N,364921,306517,19.05%
143,Eastern,New Jersey,TTN,Trenton,Trenton Mercer,P,N,363654,278436,30.61%
144,Great Lakes,Indiana,FWA,Fort Wayne,Fort Wayne International,P,N,359658,360369,-0.20%
145,Western Pacific,California,SBA,Santa Barbara,Santa Barbara Municipal,P,N,356608,329751,8.14%
146,Southern,Florida,TLH,Tallahassee,Tallahassee International,P,N,350174,345404,1.38%
147,Southern,Florida,DAB,Daytona Beach,Daytona Beach International,P,N,346470,342495,1.16%
148,Northwest Mountain,Wyoming,JAC,Jackson,Jackson Hole,P,N,341662,342044,-0.11%
149,Southwest,Texas,MFE,McAllen,McAllen Miller International,P,N,336431,355224,-5.29%
150,Western Pacific,Arizona,GCN,Grand Canyon,Grand Canyon National Park,P,N,336255,319206,5.34%
151,Great Lakes,Illinois,MLI,Moline,Quad City International,P,N,335940,364393,-7.81%
152,Southwest,Texas,AMA,Amarillo,Rick Husband Amarillo International,P,N,334563,334815,-0.08%
153,Eastern,Virginia,CHO,Charlottesville-Albemarle Airport,Charlottesville-Albemarle,P,N,334347,295930,12.98%
154,Eastern,Pennsylvania,ABE,Allentown,Lehigh Valley International,P,N,328914,324511,1.36%
155,Southern,Mississippi,GPT,Gulfport,Gulfport-Biloxi International,P,N,324611,305157,6.38%
156,Southwest,Texas,CRP,Corpus Christi,Corpus Christi International,P,N,320263,325815,-1.70%
157,Great Lakes,Illinois,PIA,Peoria,General Downing - Peoria International,P,N,312378,307189,1.69%
158,Eastern,Virginia,ROA,Roanoke,Roanoke-Blacksburg Regional/Woodrum Field,P,N,309341,305212,1.35%
159,Great Lakes,Indiana,SBN,South Bend,South Bend International,P,N,307471,329957,-6.81%
160,New England,Maine,BGR,Bangor,Bangor International,P,N,302224,269013,12.35%
161,Southern,Georgia,AGS,Augusta,Augusta Regional at Bush Field,P,N,288834,270797,6.66%
162,Southern,Alabama,MOB,Mobile,Mobile Regional,P,N,288222,288209,0.00%
163,Great Lakes,South Dakota,RAP,Rapid City,Rapid City Regional,P,N,286567,272537,5.15%
164,Great Lakes,Wisconsin,GRB,Green Bay,Green Bay-Austin Straubel International,P,N,283823,292868,-3.09%
165,Great Lakes,Wisconsin,ATW,Appleton,Appleton International,P,N,281552,270633,4.03%
166,Great Lakes,North Dakota,BIS,Bismarck,Bismarck Municipal,P,N,275098,273980,0.41%
167,Southwest,Texas,HRL,Harlingen,Valley International,P,N,273070,263760,3.53%
168,Northwest Mountain,Montana,GPI,Kalispell,Glacier Park International,P,N,272279,247816,9.87%
169,Southwest,Louisiana,SHV,Shreveport,Shreveport Regional,P,N,267646,270395,-1.02%
170,Eastern,Pennsylvania,AVP,Avoca,Wilkes-Barre/Scranton International,P,N,261572,232855,12.33%
171,Western Pacific,Arizona,1G4,Peach Springs,Grand Canyon West,P,N,258038,128739,100.43%
172,Southern,Puerto Rico,BQN,Aguadilla,Rafael Hernandez,P,N,252693,257871,-2.01%
173,Northwest Mountain,Colorado,ASE,Aspen,Aspen-Pitkin County/Sardy Field,P,N,244808,254392,-3.77%
174,Southern,North Carolina,FAY,Fayetteville,Fayetteville Regional/Grannis Field,P,N,238568,224541,6.25%
175,Great Lakes,Michigan,TVC,Traverse City,Cherry Capital,P,N,235137,223924,5.01%
176,Eastern,New York,SWF,Newburgh,Stewart International,P,N,228640,140328,62.93%
177,Northwest Mountain,Colorado,GJT,Grand Junction,Grand Junction Regional,P,N,223452,218319,2.35%
178,Southern,Florida,MLB,Melbourne,Melbourne International,P,N,221928,220360,0.71%
179,Western Pacific,Nevada,BVU,Boulder City,Boulder City Municipal,P,N,220980,211615,4.43%
180,Southern,Florida,GNV,Gainesville,Gainesville Regional,P,N,218578,206330,5.94%
181,Great Lakes,Indiana,EVV,Evansville,Evansville Regional,P,N,213205,204352,4.33%
182,Eastern,West Virginia,CRW,Charleston,Yeager,P,N,202778,213412,-4.98%
183,Southwest,Louisiana,LFT,Lafayette,Lafayette Regional/Paul Fournet Field,P,N,202640,206667,-1.95%
184,Eastern,Virginia,PHF,Newport News,Newport News/Williamsburg International,P,N,197994,199421,-0.72%
185,Western Pacific,California,SBP,San Luis Obispo,San Luis County Regional,P,N,197594,162719,21.43%
186,Western Pacific,California,MRY,Monterey,Monterey Regional,P,N,197099,192136,2.58%
187,Great Lakes,Michigan,LAN,Clinton (Township of),Capital Region International,P,N,196617,161863,21.47%
188,Southern,Virgin Islands,STX,Christiansted,Henry E Rohlsen,P,N,195634,196047,-0.21%
189,Western Pacific,California,STS,Santa Rosa,Charles M Schulz - Sonoma County,P,N,195296,167151,16.84%
190,Southern,Tennessee,TRI,Bristol/Johnson/Kingsport,Tri-Cities,P,N,193068,204926,-5.79%
191,Northwest Mountain,Colorado,DRO,Durango,Durango-La Plata County,P,N,186917,187789,-0.46%
192,Northwest Mountain,Montana,GTF,Great Falls,Great Falls International,P,N,171049,176730,-3.21%
193,Great Lakes,Illinois,BMI,Bloomington-Normal Airport,Central IL Regional Airport at Bloomington-Normal,P,N,163475,188490,-13.27%
194,Southwest,Louisiana,AEX,Alexandria,Alexandria International,P,N,156145,129776,20.32%
195,Southern,North Carolina,OAJ,Jacksonville,Albert J Ellis,P,N,155342,149987,3.57%
196,Southwest,Texas,GRK,Killeen,Robert Gray AAF,P,N,154951,157161,-1.41%
197,Northwest Mountain,Colorado,EGE,Eagle,Eagle County Regional,P,N,154577,163840,-5.65%
198,Central,Nebraska,LNK,Lincoln,Lincoln,P,N,154465,162876,-5.16%
199,Southern,Alabama,MGM,Montgomery,Montgomery Regional (Dannelly Field),P,N,152773,173210,-11.80%
200,Eastern,Pennsylvania,LBE,Latrobe,Arnold Palmer Regional,P,N,151207,146127,3.48%
201,Northwest Mountain,Idaho,IDA,Idaho Falls,Idaho Falls Regional,P,N,147729,146213,1.04%
202,Alaskan,Alaska,BET,Bethel,Bethel,P,N,146652,155791,-5.87%
203,Great Lakes,Michigan,AZO,Kalamazoo,Kalamazoo/Battle Creek International,P,N,146314,154242,-5.14%
204,Great Lakes,Minnesota,RST,Rochester,Rochester International,P,N,143675,112864,27.30%
205,Eastern,New York,IAG,Niagara Falls,Niagara Falls International,P,N,142605,126028,13.15%
206,Great Lakes,North Dakota,MOT,Minot,Minot International,P,N,141161,150634,-6.29%
207,Eastern,New York,PBG,Plattsburgh,Plattsburgh International,P,N,139398,129622,7.54%
208,Eastern,Pennsylvania,UNV,State College,University Park,P,N,138423,134312,3.06%
209,Great Lakes,Ohio,LCK,Columbus,Rickenbacker International,P,N,133649,102751,30.07%
210,Alaskan,Alaska,KTN,Ketchikan,Ketchikan International,P,N,131144,127881,2.55%
211,Western Pacific,Arizona,IFP,Bullhead City,Laughlin/Bullhead International,P,N,129949,109334,18.86%
212,Southern,North Carolina,JQF,Concord,Concord Regional,P,N,129034,90338,42.83%
213,Eastern,New York,ELM,Elmira,Elmira/Corning Regional,P,N,126472,139583,-9.39%
214,Great Lakes,Illinois,BLV,Belleville,Scott AFB/Midamerica,P,N,123841,79988,54.82%
215,Northwest Mountain,Colorado,MTJ,Montrose,Montrose Regional,P,N,123206,116272,5.96%
216,Great Lakes,Minnesota,DLH,Duluth,Duluth International,P,N,122726,124284,-1.25%
217,Great Lakes,North Dakota,GFK,Grand Forks,Grand Forks International,P,N,117520,132557,-11.34%
218,Great Lakes,Wisconsin,CWA,Mosinee,Central Wisconsin,P,N,116404,119222,-2.36%
219,Southwest,Texas,BRO,Brownsville,Brownsville/South Padre Island International,P,N,116197,120151,-3.29%
220,New England,Massachusetts,ACK,Nantucket,Nantucket Memorial,P,N,113009,126197,-10.45%
221,Great Lakes,Illinois,RFD,Rockford,Chicago/Rockford International,P,N,112862,101790,10.88%
222,Southern,North Carolina,EWN,New Bern,Coastal Carolina Regional,P,N,111147,106110,4.75%
223,Great Lakes,Michigan,MBS,Saginaw,MBS International,P,N,110964,122469,-9.39%
224,New England,New Hampshire,PSM,Portsmouth,Portsmouth International at Pease,P,N,105077,73247,43.46%
225,Northwest Mountain,Montana,HLN,Helena,Helena Regional,P,N,103773,103239,0.52%
226,Eastern,West Virginia,HTS,Huntington,Tri-State/Milton J Ferguson Field,P,N,103724,98489,5.32%
227,Southwest,New Mexico,SAF,Santa Fe,Santa Fe Municipal,P,N,103679,71252,45.51%
228,Northwest Mountain,Utah,SGU,St. George,St George Regional,P,N,103569,78680,31.63%
229,Southwest,Louisiana,MLU,Monroe,Monroe Regional,P,N,103547,102342,1.18%
230,Great Lakes,Ohio,TOL,Toledo,Toledo Express,P,N,102988,92522,11.31%
231,Great Lakes,Illinois,CMI,Savoy,University of Illinois-Willard,P,N,100133,89318,12.11%
232,Western Pacific,California,BFL,Bakersfield,Meadows Field,P,N,99472,100433,-0.96%
233,Eastern,New York,ITH,Ithaca,Ithaca Tompkins Regional,P,N,97212,88692,9.61%
234,Northwest Mountain,Wyoming,CPR,Casper,Casper/Natrona County International,P,N,96843,92805,4.35%
235,Northwest Mountain,Colorado,HDN,Hayden,Yampa Valley,P,N,96403,107339,-10.19%
236,Western Pacific,California,SCK,Stockton,Stockton Metropolitan,P,N,96201,93076,3.36%
237,Alaskan,Alaska,ENA,Kenai,Kenai Municipal,P,N,92973,92485,0.53%
238,Great Lakes,Wisconsin,LSE,La Crosse,La Crosse Regional,P,N,92101,94047,-2.07%
239,Great Lakes,Illinois,SPI,Springfield,Abraham Lincoln Capital,P,N,92048,93269,-1.31%
240,Northwest Mountain,Utah,PVU,Provo,Provo Municipal,P,N,91581,78451,16.74%
241,Southwest,Texas,LRD,Laredo,Laredo International,P,N,91462,101115,-9.55%
242,Southern,Puerto Rico,PSE,Ponce,Mercedita,P,N,89334,105804,-15.57%
243,Central,Missouri,COU,Columbia,Columbia Regional,P,N,88650,65014,36.36%
244,Northwest Mountain,Idaho,SUN,Hailey,Friedman Memorial,P,N,86641,77729,11.47%
245,Southwest,Arkansas,FSM,Fort Smith,Fort Smith Regional,P,N,85726,83920,2.15%
246,Eastern,Pennsylvania,ERI,Erie,Erie International/Tom Ridge Field,P,N,85631,87647,-2.30%
247,Southwest,Texas,ABI,Abilene,Abilene Regional,P,N,85085,84809,0.33%
248,Western Pacific,Hawaii,MKK,Kaunakakai,Molokai,P,N,84139,92560,-9.10%
249,Alaskan,Alaska,SIT,Sitka,Sitka Rocky Gutierrez,P,N,83598,83404,0.23%
250,Alaskan,Alaska,ADQ,Kodiak,Kodiak,P,N,83577,79682,4.89%
251,Eastern,Virginia,LYH,Timberlake,Lynchburg Regional/Preston Glenn Field,P,N,82489,75465,9.31%
252,Western Pacific,Arizona,NYL,Yuma,Yuma MCAS/Yuma International,P,N,79564,74742,6.45%
253,Northwest Mountain,Idaho,LWS,Lewiston,Lewiston-Nez Perce County,P,N,76729,72724,5.51%
254,Southwest,Texas,CLL,College Station,Easterwood Field,P,N,73430,78907,-6.94%
255,Northwest Mountain,Washington,YKM,Yakima,Yakima Air Terminal/McAllister Field,P,N,71547,70993,0.78%
256,Western Pacific,American Samoa,PPG,Pago Pago,Pago Pago International,P,N,71401,65439,9.11%
257,Western Pacific,Arizona,FLG,Flagstaff,Flagstaff Pulliam,P,N,70710,64578,9.50%
258,Great Lakes,North Dakota,ISN,Williston,Sloulin Field International,P,N,69802,68829,1.41%
259,Central,Kansas,MHK,Manhattan,Manhattan Regional,P,N,68791,63761,7.89%
260,Alaskan,Alaska,OTZ,Kotzebue,Ralph Wien Memorial,P,N,67951,64481,5.38%
261,Central,Nebraska,GRI,Grand Island,Central Nebraska Regional,P,N,66842,68879,-2.96%
262,Western Pacific,California,ACV,Arcata,California Redwood Coast-Humboldt County,P,N,65932,69732,-5.45%
263,Alaskan,Alaska,OME,Nome,Nome,P,N,61651,60655,1.64%
264,Northwest Mountain,Washington,EAT,East Wenatchee,Pangborn Memorial,P,N,60335,60068,0.44%
265,Northwest Mountain,Washington,PUW,Pullman,Pullman/Moscow Regional,P,N,59246,61833,-4.18%
266,Southwest,Texas,SJT,San Angelo,San Angelo Regional/Mathis Field,P,N,59206,60277,-1.78%
267,Southwest,Texas,ACT,Waco,Waco Regional,P,N,58888,64356,-8.50%
268,Eastern,Maryland,SBY,Salisbury,Salisbury-Ocean City Wicomico Regional,P,N,57421,58695,-2.17%
270,Southwest,New Mexico,ROW,Roswell,Roswell International Air Center,P,N,55211,44378,24.41%
271,New England,Massachusetts,ORH,Worcester,Worcester Regional,P,N,53931,57800,-6.69%
272,Southern,North Carolina,PGV,Greenville,Pitt-Greenville,P,N,51966,47457,9.50%
273,Southwest,Oklahoma,LAW,Lawton,Lawton-Fort Sill Regional,P,N,50939,51088,-0.29%
274,Great Lakes,Michigan,SAW,Gwinn,Sawyer International,P,N,50938,45462,12.05%
275,Southwest,Louisiana,LCH,Lake Charles,Lake Charles Regional,P,N,50899,53576,-5.00%
276,Southern,Puerto Rico,VQS,Vieques,Antonio Rivera Rodriguez,P,N,50510,63104,-19.96%
277,Southern,Georgia,CSG,Columbus,Columbus,P,N,49773,44813,11.07%
278,New England,Massachusetts,MVY,Vineyard Haven,Martha's Vineyard,P,N,49767,54084,-7.98%
279,Northwest Mountain,Washington,ALW,Walla Walla,Walla Walla Regional,P,N,49702,47439,4.77%
280,Southwest,Texas,TYR,Tyler,Tyler Pounds Regional,P,N,49653,52494,-5.41%
282,Southern,Alabama,DHN,Dothan,Dothan Regional,P,N,47304,49411,-4.26%
283,Alaskan,Alaska,HOM,Homer,Homer,P,N,46322,44117,5.00%
284,Alaskan,Alaska,BRW,Barrow,Wiley Post-Will Rogers Memorial,P,N,45958,45300,1.45%
285,Northwest Mountain,Idaho,TWF,Twin Falls,Joslin Field - Magic Valley Regional,P,N,45736,38869,17.67%
286,Southern,Georgia,VLD,Valdosta,Valdosta Regional,P,N,43738,40275,8.60%
288,Western Pacific,California,RDD,Redding,Redding Municipal,P,N,42361,43414,-2.43%
289,Southern,South Carolina,FLO,Florence,Florence Regional,P,N,42058,45300,-7.16%
290,Alaskan,Alaska,SCC,Deadhorse,Deadhorse,P,N,41849,51205,-18.27%
291,Central,Iowa,SUX,Sioux City,Sioux Gateway/Col Bud Day Field,P,N,41787,36413,14.76%
292,Southern,Mississippi,GTR,Columbus,Golden Triangle Regional,P,N,41632,40823,1.98%
293,Central,Iowa,DBQ,Dubuque,Dubuque Regional,P,N,40324,37954,6.24%
294,Northwest Mountain,Idaho,PIH,Arbon Valley,Pocatello Regional,P,N,40188,34462,16.62%
295,Northwest Mountain,Wyoming,COD,Cody,Yellowstone Regional,P,N,39578,40340,-1.89%
296,Southwest,Texas,SPS,Wichita Falls,Sheppard AFB/Wichita Falls Municipal,P,N,38773,40165,-3.47%
297,Western Pacific,Hawaii,LNY,Lanai City,Lanai,P,N,37993,43275,-12.21%
298,Southern,Georgia,ABY,Albany,Southwest Georgia Regional,P,N,37920,34226,10.79%
299,Great Lakes,Ohio,YNG,Youngstown,Youngstown-Warren Regional,P,N,36455,53633,-32.03%
300,Southern,Georgia,BQK,Brunswick,Brunswick Golden Isles,P,N,36433,36054,1.05%
302,Central,Missouri,JLN,Joplin,Joplin Regional,P,N,35498,27930,27.10%
303,Western Pacific,Northern Marina Islands,TNI,Tinian (Municipality),Tinian International,P,N,34910,38452,-9.21%
304,Alaskan,Alaska,AKN,King Salmon,King Salmon,P,N,34800,36717,-5.22%
305,Southwest,Arkansas,TXK,Texarkana,Texarkana Regional-Webb Field,P,N,34101,33565,1.60%
306,Eastern,New York,BGM,Binghamton,Greater Binghamton/Edwin A Link Field,P,N,33425,68415,-51.14%
308,Great Lakes,South Dakota,PIR,Pierre,Pierre Regional,P,N,32822,8246,298.04%
309,Southern,Puerto Rico,RVR,Ceiba,Jose Aponte De La Torre,P,N,32299,43005,-24.89%
310,Northwest Mountain,Colorado,GUC,Gunnison,Gunnison-Crested Butte Regional,P,N,32250,34979,-7.80%
311,Great Lakes,Ohio,LUK,Cincinnati,Cincinnati Municipal Airport Lunken Field,P,N,30681,25706,19.35%
312,Alaskan,Alaska,DUT,Unalaska,Unalaska,P,N,30080,31055,-3.14%
313,New England,Massachusetts,HYA,Hyannis,Barnstable Municipal-Boardman/Polando Field,P,N,29455,31027,-5.07%
314,Northwest Mountain,Wyoming,GCC,Gillette,Gillette-Campbell County,P,N,29271,28383,3.13%
315,Great Lakes,Minnesota,BJI,Bemidji,Bemidji Regional,P,N,29038,25510,13.83%
316,Alaskan,Alaska,DLG,Dillingham,Dillingham,P,N,28895,33616,-14.04%
317,New England,Connecticut,HVN,New Haven,Tweed-New Haven,P,N,28669,27911,2.72%
318,Northwest Mountain,Montana,BTM,Butte,Bert Mooney,P,N,27703,25890,7.00%
319,Great Lakes,South Dakota,ABR,Aberdeen,Aberdeen Regional,P,N,27635,26529,4.17%
320,Southwest,Oklahoma,SWO,Stillwater,Stillwater Regional,P,N,27370,10362,164.14%
321,Central,Iowa,ALO,Waterloo,Waterloo Regional,P,N,27358,27069,1.07%
323,Central,Kansas,GCK,Garden City,Garden City Regional,P,N,26687,26825,-0.51%
324,Southern,Puerto Rico,CPX,Culebra,Benjamin Rivera Noriega,P,N,26556,31141,-14.72%
325,Southern,South Carolina,HXD,Hilton Head Island,Hilton Head,P,N,26220,30956,-15.30%
326,Eastern,Maryland,HGR,Hagerstown,Hagerstown Regional-Richard A Henson Field,P,N,25584,27274,-6.20%
327,Eastern,West Virginia,CKB,Clarksburg,North Central West Virginia,P,N,25105,26025,-3.54%
328,Great Lakes,Michigan,CMX,Hancock,Houghton County Memorial,P,N,24843,25439,-2.34%
329,Western Pacific,California,SMX,Santa Maria,Santa Maria Public/Capt G Allan Hancock Field,P,N,24527,40120,-38.87%
330,Great Lakes,Michigan,PLN,Pellston,Pellston Regional Airport of Emmet County,P,N,23961,25497,-6.02%
331,Southern,Mississippi,MEI,Meridian,Key Field,P,N,23923,26359,-9.24%
332,Southwest,Texas,BPT,Beaumont,Jack Brooks Regional,P,N,23767,26518,-10.37%
334,Great Lakes,Wisconsin,RHI,Rhinelander,Rhinelander-Oneida County,P,N,23014,20414,12.74%
335,Eastern,New York,OGS,Ogdensburg,Ogdensburg International,P,N,22957,10281,123.30%
336,Alaskan,Alaska,PSG,Petersburg,Petersburg James A Johnson,P,N,22915,21896,4.65%
337,Great Lakes,Wisconsin,EAU,Eau Claire,Chippewa Valley Regional,P,N,22822,21304,7.13%
338,Eastern,New York,ART,Watertown,Watertown International,P,N,22785,17312,31.61%
339,Great Lakes,Michigan,CIU,Sault Ste. Marie,Chippewa County International,P,N,22261,20974,6.14%
341,Great Lakes,Minnesota,BRD,Brainerd,Brainerd Lakes Regional,P,N,21383,18328,16.67%
342,Western Pacific,California,MMH,Mammoth Lakes,Mammoth Yosemite,P,N,21352,21826,-2.17%
343,Western Pacific,Arizona,PGA,Page,Page Municipal,P,N,21347,17435,22.44%
345,Western Pacific,Northern Marina Islands,GRO,Northern Islands (Municipality),Benjamin Taisacan Manglona International,P,N,21214,19178,10.62%
346,Great Lakes,Minnesota,STC,St. Cloud,St. Cloud Regional,P,N,20918,15615,33.96%
347,Southern,Kentucky,PAH,Paducah,Barkley Regional,P,N,20910,20266,3.18%
348,Alaskan,Alaska,LHD,Anchorage,Lake Hood,P,N,20689,23382,-11.52%
349,Northwest Mountain,Utah,OGD,Ogden,Ogden-Hinckley,P,N,20324,15609,30.21%
350,Southern,Kentucky,OWB,Owensboro,Owensboro-Daviess County Regional,P,N,19578,23537,-16.82%
352,Southwest,Texas,GGG,Longview,East Texas Regional,P,N,19261,22480,-14.32%
353,Great Lakes,North Dakota,DIK,Dickinson,Dickinson - Theodore Roosevelt Regional,P,N,18963,16822,12.73%
354,Southern,Puerto Rico,SIG,San Juan,Fernando Luis Ribas Dominicci,P,N,18361,24054,-23.67%
355,Eastern,Pennsylvania,IPT,Williamsport,Williamsport Regional,P,N,18323,19320,-5.16%
356,Alaskan,Alaska,MRI,Anchorage,Merrill Field,P,N,18298,19144,-4.42%
357,Alaskan,Alaska,CDV,Cordova,Merle K (Mudhole) Smith,P,N,18280,18649,-1.98%
359,Northwest Mountain,Wyoming,RKS,Rock Springs,Rock Springs-Sweetwater County,P,N,18109,16110,12.41%
360,Great Lakes,Michigan,IMT,Iron Mountain,Ford,P,N,17707,12604,40.49%
361,Northwest Mountain,Washington,BFI,Seattle,Boeing Field/King County International,P,N,17294,17795,-2.82%
362,Western Pacific,Nevada,EKO,Elko,Elko Regional,P,N,17115,14893,14.92%
363,New England,Rhode Island,WST,Westerly,Westerly State,P,N,17021,17218,-1.14%
364,Great Lakes,Michigan,MKG,Muskegon,Muskegon County,P,N,17007,18165,-6.37%
365,Great Lakes,Michigan,ESC,Escanaba,Delta County,P,N,16781,16822,-0.24%
366,Southwest,New Mexico,HOB,Hobbs,Lea County Regional,P,N,16216,14707,10.26%
367,Alaskan,Alaska,UNK,Unalakleet,Unalakleet,P,N,16111,16948,-4.94%
368,New England,Maine,RKD,Rockland,Knox County Regional,P,N,16092,16206,-0.70%
369,Northwest Mountain,Wyoming,LAR,Laramie,Laramie Regional,P,N,16072,15957,0.72%
370,Northwest Mountain,Utah,CDC,Cedar City,Cedar City Regional,P,N,15588,14413,8.15%
371,New England,Rhode Island,BID,Block Island,Block Island State,P,N,15497,17225,-10.03%
372,Great Lakes,Minnesota,HIB,Hibbing,Range Regional,P,N,15377,12654,21.52%
373,Great Lakes,Minnesota,INL,International Falls,Falls International-Einarson Field,P,N,15278,13831,10.46%
375,Western Pacific,California,CCR,Concord,Buchanan Field,P,N,14517,67,21567.16%
377,Central,Kansas,SLN,Salina,Salina Regional,P,N,13850,3967,249.13%
378,Alaskan,Alaska,WRG,Wrangell,Wrangell,P,N,13160,12569,4.70%
379,Northwest Mountain,Oregon,OTH,North Bend,Southwest Oregon Regional,P,N,12971,14719,-11.88%
382,Alaskan,Alaska,ANI,Aniak,Aniak,P,N,12735,13688,-6.96%
383,New England,Maine,PQI,Presque Isle,Northern Maine Regional Airport at Presque Isle,P,N,12735,12526,1.67%
384,Great Lakes,Ohio,BKL,Cleveland,Burke Lakefront,P,N,12024,9917,21.25%
385,Southern,Mississippi,PIB,Moselle,Hattiesburg-Laurel Regional,P,N,11726,12367,-5.18%
386,Alaskan,Alaska,KSM,St. Mary's (ANV/ANVSA),St Mary's,P,N,11528,12851,-10.29%
387,Southern,Mississippi,TUP,Tupelo,Tupelo Regional,P,N,11441,7539,51.76%
388,Southern,Florida,SGJ,Saint Augustine,Northeast Florida Regional,P,N,11431,28462,-59.84%
390,Alaskan,Alaska,VDZ,Valdez,Valdez Pioneer Field,P,N,11321,12631,-10.37%
391,Great Lakes,Michigan,APN,Alpena,Alpena County Regional,P,N,11317,10031,12.82%
392,Great Lakes,South Dakota,ATY,Watertown,Watertown Regional,P,N,11160,2117,427.16%
394,Great Lakes,Illinois,MWA,Marion,Veterans Airport of Southern Illinois,P,N,11029,10044,9.81%
395,New England,Massachusetts,BED,Bedford,Laurence G Hanscom Field,P,N,10956,15105,-27.47%
396,Alaskan,Alaska,AKW,Klawock,Klawock,P,N,10923,10628,2.78%
397,Great Lakes,North Dakota,JMS,Jamestown,Jamestown Regional,P,N,10917,11123,-1.85%
398,Alaskan,Alaska,YAK,Yakutat,Yakutat,P,N,10886,10756,1.21%
399,Northwest Mountain,Wyoming,SHR,Sheridan,Sheridan County,P,N,10876,9211,18.08%
401,New England,New Hampshire,LEB,Lebanon,Lebanon Municipal,P,N,10383,10245,1.35%
402,Northwest Mountain,Washington,FHR,Friday Harbor,Friday Harbor,P,N,10359,12831,-19.27%
403,Northwest Mountain,Utah,CNY,Moab,Canyonlands Field,P,N,10032,7837,28.01%
411,Northwest Mountain,Montana,WYS,West Yellowstone,Yellowstone,P,N,8786,8525,3.06%
404,Alaskan,Alaska,GAL,Galena,Edward G Pitka Sr,CS,None,9664,10532,-8.24%
405,New England,Maine,BHB,Bar Harbor,Hancock County-Bar Harbor,CS,None,9509,10094,-5.80%
406,Central,Kansas,HYS,Hays,Hays Regional,CS,None,9460,8265,14.46%
407,Southern,Florida,VRB,Vero Beach,Vero Beach Regional,CS,None,9110,4581,98.86%
408,Central,Missouri,TBN,Fort Leonard Wood (U.S. Army),Waynesville-St Robert Regional Forney Field,CS,None,9078,8108,11.96%
409,Alaskan,Alaska,GST,Gustavus,Gustavus,CS,None,9061,11438,-20.78%
410,New England,Massachusetts,PVC,Provincetown,Provincetown Municipal,CS,None,8900,10074,-11.65%
413,Northwest Mountain,Montana,SDY,Sidney,Sidney-Richland Regional,CS,None,8429,8065,4.51%
415,Great Lakes,Illinois,DEC,Decatur,Decatur,CS,None,8324,8453,-1.53%
416,Western Pacific,California,MCE,Merced,Merced Regional/Macready Field,CS,None,8318,9426,-11.75%
417,Northwest Mountain,Wyoming,RIW,Riverton,Riverton Regional,CS,None,8277,4228,95.77%
419,Alaskan,Alaska,ENM,Emmonak,Emmonak,CS,None,8004,8072,-0.84%
421,Northwest Mountain,Colorado,CEZ,Cortez,Cortez Municipal,CS,None,7890,4564,72.87%
422,Alaskan,Alaska,HNS,Haines,Haines,CS,None,7864,8936,-12.00%
423,Great Lakes,North Dakota,DVL,Devils Lake,Devils Lake Regional,CS,None,7767,8209,-5.38%
424,Central,Iowa,BRL,Burlington,Southeast Iowa Regional,CS,None,7759,7086,9.50%
425,Great Lakes,Illinois,UIN,Quincy,Quincy Regional-Baldwin Field,CS,None,7709,7847,-1.76%
426,Central,Iowa,MCW,Mason City,Mason City Municipal,CS,None,7502,7734,-3.00%
427,Alaskan,Alaska,SGY,Skagway,Skagway,CS,None,7380,8714,-15.31%
428,Alaskan,Alaska,CDB,Cold Bay,Cold Bay,CS,None,7338,7403,-0.88%
431,Northwest Mountain,Washington,ORS,Eastsound,Orcas Island,CS,None,7223,7826,-7.71%
432,Central,Iowa,FOD,Fort Dodge,Fort Dodge Regional,CS,None,7140,7271,-1.80%
433,Alaskan,Alaska,HNH,Hoonah,Hoonah,CS,None,6820,8809,-22.58%
434,Western Pacific,California,CEC,Crescent City,Jack McNamara Field,CS,None,6802,8667,-21.52%
435,Alaskan,Alaska,FYU,Fort Yukon,Fort Yukon,CS,None,6799,6552,3.77%
436,Northwest Mountain,Utah,VEL,Vernal,Vernal Regional,CS,None,6615,4007,65.09%
437,Eastern,Virginia,SHD,Weyers Cave,Shenandoah Valley Regional,CS,None,6605,5442,21.37%
438,Northwest Mountain,Colorado,ALS,Alamosa,San Luis Valley Regional/Bergman Field,CS,None,6494,3863,68.11%
439,Southern,Alabama,MSL,Muscle Shoals,Northwest Alabama Regional,CS,None,6490,5295,22.57%
440,Alaskan,Alaska,CXF,Coldfoot,Coldfoot,CS,None,6345,7203,-11.91%
441,Central,Missouri,CGI,Scott City,Cape Girardeau Regional,CS,None,6321,5532,14.26%
442,Southern,Puerto Rico,MAZ,Mayaguez,Eugenio Maria De Hostos,CS,None,6255,5344,17.05%
444,Western Pacific,California,IPL,Imperial,Imperial County,CS,None,6136,4136,48.36%
445,Alaskan,Alaska,AQH,Quinhagak,Quinhagak,CS,None,6101,7012,-12.99%
446,New England,Massachusetts,EWB,New Bedford,New Bedford Regional,CS,None,5998,7022,-14.58%
447,Western Pacific,California,CRQ,Carlsbad,McClellan-Palomar,CS,None,5931,180,3195.00%
448,Western Pacific,Arizona,PRC,Prescott,Ernest A Love Field,CS,None,5888,3451,70.62%
449,Alaskan,Alaska,ILI,Iliamna,Iliamna,CS,None,5752,5835,-1.42%
450,Great Lakes,Minnesota,TVF,Thief River Falls,Thief River Falls Regional,CS,None,5735,3524,62.74%
451,Northwest Mountain,Oregon,PDT,Pendleton,Eastern Oregon Regional at Pendleton,CS,None,5701,2582,120.80%
452,Eastern,West Virginia,MGW,Morgantown,Morgantown Municipal-Walter L Bill Hart Field,CS,None,5698,7851,-27.42%
453,Southwest,New Mexico,SVC,Silver City,Grant County,CS,None,5686,5442,4.48%
455,Southern,Mississippi,GLH,Greenville,Greenville Mid-Delta,CS,None,5646,4986,13.24%
456,Western Pacific,Hawaii,LUP,Kalaupapa,Kalaupapa,CS,None,5598,6119,-8.51%
457,Central,Nebraska,CDR,Chadron,Chadron Municipal,CS,None,5532,4474,23.65%
458,Northwest Mountain,Oregon,LMT,Klamath Falls,Crater Lake-Klamath Regional,CS,None,5529,2827,95.58%
459,Eastern,West Virginia,LWB,Lewisburg,Greenbrier Valley,CS,None,5495,4965,10.67%
460,New England,Maine,AUG,Augusta,Augusta State,CS,None,5435,5128,5.99%
461,Great Lakes,Michigan,IWD,Ironwood,Gogebic-Iron County,CS,None,5348,5069,5.50%
462,Alaskan,Alaska,WLK,Selawik,Selawik,CS,None,5260,5011,4.97%
463,Alaskan,Alaska,VAK,Chevak,Chevak,CS,None,5243,5654,-7.27%
464,Alaskan,Alaska,IIK,Kipnuk,Kipnuk,CS,None,5176,5747,-9.94%
465,Central,Missouri,IRK,Kirksville,Kirksville Regional,CS,None,5152,4733,8.85%
466,Southwest,New Mexico,CVN,Clovis,Clovis Municipal,CS,None,5053,4854,4.10%
467,New England,Vermont,RUT,Rutland,Rutland - Southern Vermont Regional,CS,None,5024,5146,-2.37%
468,Alaskan,Alaska,HPB,Hooper Bay,Hooper Bay,CS,None,5022,5635,-10.88%
469,Eastern,New York,SLK,Saranac Lake,Adirondack Regional,CS,None,4977,4732,5.18%
470,Alaskan,Alaska,PHO,Point Hope,Point Hope,CS,None,4964,5338,-7.01%
472,Western Pacific,Arizona,SOW,Show Low,Show Low Regional,CS,None,4917,4139,18.80%
473,Central,Kansas,FOE,Topeka,Topeka Regional,CS,None,4901,6051,-19.01%
475,Eastern,New York,MSS,Massena,Massena International-Richards Field,CS,None,4852,5311,-8.64%
476,Southwest,Arkansas,JBR,Jonesboro,Jonesboro Municipal,CS,None,4785,4593,4.18%
477,Alaskan,Alaska,OOK,Wade Hampton (Census Area),Toksook Bay,CS,None,4777,5316,-10.14%
478,Alaskan,Alaska,WTK,Noatak,Noatak,CS,None,4716,4681,0.75%
479,Central,Nebraska,EAR,Kearney,Kearney Regional,CS,None,4607,4180,10.22%
480,Eastern,Pennsylvania,LNS,Lititz,Lancaster,CS,None,4577,4230,8.20%
481,Alaskan,Alaska,BVK,Buckland,Buckland,CS,None,4456,4198,6.15%
482,Alaskan,Alaska,D76,Noorvik,Robert /Bob/ Curtis Memorial,CS,None,4444,4004,10.99%
483,Western Pacific,Hawaii,MUE,Kamuela,Waimea-Kohala,CS,None,4407,4445,-0.85%
484,Southwest,Arkansas,HRO,Harrison,Boone County,CS,None,4371,1178,271.05%
486,Alaskan,Alaska,SOV,Seldovia,Seldovia,CS,None,4206,4133,1.77%
487,Alaskan,Alaska,SVA,Savoonga,Savoonga,CS,None,4188,4197,-0.21%
488,Eastern,West Virginia,PKB,Parkersburg,Mid-Ohio Valley Regional,CS,None,4155,4170,-0.36%
490,Alaskan,Alaska,SCM,Scammon Bay,Scammon Bay,CS,None,4093,4513,-9.31%
491,Alaskan,Alaska,CFK,Chefornak,Chefornak,CS,None,4027,4456,-9.63%
492,Southern,Tennessee,MKL,Jackson,McKellar-Sipes Regional,CS,None,4007,3661,9.45%
493,Alaskan,Alaska,SDP,Sand Point,Sand Point,CS,None,3998,4146,-3.57%
494,Southwest,New Mexico,CNM,Carlsbad,Cavern City Air Terminal,CS,None,3972,3057,29.93%
495,Central,Nebraska,LBF,North Platte,North Platte Regional Airport Lee Bird Field,CS,None,3911,4075,-4.02%
497,Eastern,Pennsylvania,BFD,Bradford,Bradford Regional,CS,None,3897,2623,48.57%
498,Eastern,Pennsylvania,DUJ,Brookville,Dubois Regional,CS,None,3888,2934,32.52%
500,Alaskan,Alaska,AKP,Anaktuvuk Pass,Anaktuvuk Pass,CS,None,3856,3522,9.48%
501,Northwest Mountain,Colorado,PUB,Pueblo,Pueblo Memorial,CS,None,3833,2377,61.25%
502,Eastern,Pennsylvania,AOO,Altoona,Altoona-Blair County,CS,None,3806,1865,104.08%
503,Northwest Mountain,Montana,OLF,Wolf Point,L M Clayton,CS,None,3804,3439,10.61%
505,Alaskan,Alaska,AWI,Barrow (County),Wainwright,CS,None,3756,3932,-4.48%
506,Central,Nebraska,BFF,Scottsbluff,Western Nebraska Regional/William B Heilig Field,CS,None,3709,4262,-12.98%
509,Alaskan,Alaska,A61,Tuntutuliak,Tuntutuliak,CS,None,3614,3875,-6.74%
510,Alaskan,Alaska,2A9,Kotlik,Kotlik,CS,None,3612,3531,2.29%
511,Eastern,Pennsylvania,JST,Johnstown,John Murtha Johnstown-Cambria County,CS,None,3594,4193,-14.29%
512,Alaskan,Alaska,DUY,Kongiganak,Kongiganak,CS,None,3589,3978,-9.78%
513,Northwest Mountain,Montana,GGW,Glasgow,Wokal Field/Glasgow International,CS,None,3517,3251,8.18%
516,Alaskan,Alaska,GAM,Gambell,Gambell,CS,None,3493,3860,-9.51%
517,Alaskan,Alaska,IAN,Kiana,Bob Baker Memorial,CS,None,3485,3127,11.45%
519,Alaskan,Alaska,KVL,Kivalina,Kivalina,CS,None,3454,3421,0.96%
520,Alaskan,Alaska,SHH,Shishmaref,Shishmaref,CS,None,3360,3445,-2.47%
521,Alaskan,Alaska,0AK,Pilot Station,Pilot Station,CS,None,3353,4127,-18.75%
522,Alaskan,Alaska,GGV,Kwigillingok,Kwigillingok,CS,None,3341,3870,-13.67%
524,Alaskan,Alaska,MOU,Mountain Village,Mountain Village,CS,None,3263,4159,-21.54%
525,Southern,Georgia,PDK,Atlanta,Dekalb-Peachtree,CS,None,3259,472,590.47%
526,Alaskan,Alaska,BTI,Kaktovik,Barter Island,CS,None,3212,3136,2.42%
528,Alaskan,Alaska,16A,Nunapitchuk,Nunapitchuk,CS,None,3096,3628,-14.66%
529,Alaskan,Alaska,KAE,Kake,Kake,CS,None,3087,3227,-4.34%
530,Alaskan,Alaska,Z09,Kasigluk,Kasigluk,CS,None,3049,4190,-27.23%
533,Western Pacific,Hawaii,HNM,Hana,Hana,CS,None,2967,2211,34.19%
534,Alaskan,Alaska,KWT,Kwethluk,Kwethluk,CS,None,2948,3706,-20.45%
536,Alaskan,Alaska,KLG,Kalskag,Kalskag,CS,None,2915,3142,-7.22%
537,Alaskan,Alaska,HLA,Huslia,Huslia,CS,None,2897,2728,6.20%
538,Alaskan,Alaska,EEK,Eek,Eek,CS,None,2839,3406,-16.65%
539,Alaskan,Alaska,2C7,Shaktoolik,Shaktoolik,CS,None,2779,2299,20.88%
540,Southwest,New Mexico,FMN,Farmington,Four Corners Regional,CS,None,2739,1359,101.55%
541,Alaskan,Alaska,AUK,Alakanuk,Alakanuk,CS,None,2733,2854,-4.24%
542,Northwest Mountain,Montana,HVR,Havre,Havre City-County,CS,None,2716,2323,16.92%
543,Central,Nebraska,MCK,McCook,McCook Ben Nelson Regional,CS,None,2710,1619,67.39%
544,Alaskan,Alaska,WBB,Stebbins,Stebbins,CS,None,2687,2571,4.51%
545,Southwest,Arkansas,HOT,Hot Springs,Memorial Field,CS,None,2654,1603,65.56%
546,Alaskan,Alaska,2A3,Larsen Bay,Larsen Bay,CS,None,2651,2649,0.08%
547,Alaskan,Alaska,SMK,St. Michael (ANV/ANVSA),St Michael,CS,None,2641,2464,7.18%
548,Alaskan,Alaska,TAL,Tanana,Ralph M Calhoun Memorial,CS,None,2633,2952,-10.81%
549,Alaskan,Alaska,EWU,Newtok,Newtok,CS,None,2602,2936,-11.38%
550,Alaskan,Alaska,SNP,Saint Paul Island,St Paul Island,CS,None,2595,2838,-8.56%
551,Alaskan,Alaska,6R7,Old Harbor,Old Harbor,CS,None,2586,1285,101.25%
553,Alaskan,Alaska,MCG,McGrath,McGrath,CS,None,2566,3236,-20.70%
554,Alaskan,Alaska,Z13,Akiachak,Akiachak,CS,None,2556,3045,-16.06%
555,Alaskan,Alaska,MDM,Marshall,Marshall Don Hunter Sr,CS,None,2505,3194,-21.57%
